{
    "mse": 0.002922034449692886,
    "rmse": 0.05405584565699519,
    "mae": 0.04304811658630463,
    "r2": 0.9788174050810492,
    "correlation": 0.9899653108987752,
    "mape": 3.0155642428732454,
    "smape": 3.0332263376209454,
    "median_ae": 0.03660546235547013,
    "max_error": 0.20177390685720442
}