{
    "mse": 0.29939237793923934,
    "rmse": 0.5471675958417488,
    "mae": 0.542878196875225,
    "r2": -15.048985277033715,
    "correlation": 0.8699513064185994,
    "mape": 59.30508265387186,
    "smape": 45.24108227311325,
    "medae": 0.5417061126085082,
    "max_error": 0.7555237934371732
}